#,Title,Artist,Movie,Duration,YouTube URL,Video ID,Year
1,Bohemian Rhapsody,Queen,A Night at the Opera,5:55,https://www.youtube.com/watch?v=fJ9rUzIMcZQ,fJ9rUzIMcZQ,1975
2,Don't Stop Me Now,Queen,Jazz,3:29,https://www.youtube.com/watch?v=HgzGwKwLmgM,HgzGwKwLmgM,1978
3,Another One Bites the Dust,Queen,The Game,3:35,https://www.youtube.com/watch?v=rY0WxgSXdEE,rY0WxgSXdEE,1980
4,We Are the Champions,Queen,News of the World,2:59,https://www.youtube.com/watch?v=04854XqcfCY,04854XqcfCY,1977
5,We Will Rock You,Queen,News of the World,2:02,https://www.youtube.com/watch?v=-tJYN-eG1zk,-tJYN-eG1zk,1977
6,Under Pressure (ft. David Bowie),Queen,Hot Space,4:04,https://www.youtube.com/watch?v=a01QQZKyl3I,a01QQZKyl3I,1981
7,Radio Ga Ga,Queen,The Works,5:48,https://www.youtube.com/watch?v=azdwsXLmrHE,azdwsXLmrHE,1984
8,I Want to Break Free,Queen,The Works,4:22,https://www.youtube.com/watch?v=f4Mc-NYPHaQ,f4Mc-NYPHaQ,1984
9,Somebody to Love,Queen,A Day at the Races,4:56,https://www.youtube.com/watch?v=kijpcUv-b8M,kijpcUv-b8M,1976
10,Crazy Little Thing Called Love,Queen,The Game,2:44,https://www.youtube.com/watch?v=k2C5TjS2qZM,k2C5TjS2qZM,1979
11,Billie Jean,Michael Jackson,Thriller,4:54,https://www.youtube.com/watch?v=Zi_XLOBDo_Y,Zi_XLOBDo_Y,1982
12,Thriller,Michael Jackson,Thriller,5:57,https://www.youtube.com/watch?v=sOnqjkJTMaA,sOnqjkJTMaA,1982
13,Beat It,Michael Jackson,Thriller,4:18,https://www.youtube.com/watch?v=oRdxUFDoQe0,oRdxUFDoQe0,1982
14,Smooth Criminal,Michael Jackson,Bad,4:17,https://www.youtube.com/watch?v=h_D3VFfhvs4,h_D3VFfhvs4,1987
15,Bad,Michael Jackson,Bad,4:07,https://www.youtube.com/watch?v=dsUXAEzaC3Q,dsUXAEzaC3Q,1987
16,Black or White,Michael Jackson,Dangerous,4:16,https://www.youtube.com/watch?v=YJy0yUCYfFQ,YJy0yUCYfFQ,1991
17,Don't Stop 'Til You Get Enough,Michael Jackson,Off the Wall,6:05,https://www.youtube.com/watch?v=yURRmWtbTbo,yURRmWtbTbo,1979
18,Remember the Time,Michael Jackson,Dangerous,3:59,https://www.youtube.com/watch?v=LeiFF0gvqcc,LeiFF0gvqcc,1992
19,Hey Jude,The Beatles,Hey Jude,7:11,https://www.youtube.com/watch?v=A_MjCqQoLLA,A_MjCqQoLLA,1968
20,Let It Be,The Beatles,Let It Be,4:03,https://www.youtube.com/watch?v=pQN-pnXPaVg,pQN-pnXPaVg,1970
21,Yesterday,The Beatles,Help!,2:05,https://www.youtube.com/watch?v=NrgmdOz227I,NrgmdOz227I,1965
22,Come Together,The Beatles,Abbey Road,4:19,https://www.youtube.com/watch?v=45cYwDMibGo,45cYwDMibGo,1969
23,Here Comes the Sun,The Beatles,Abbey Road,3:05,https://www.youtube.com/watch?v=KQetemT1sWc,KQetemT1sWc,1969
24,All You Need Is Love,The Beatles,Magical Mystery Tour,3:48,https://www.youtube.com/watch?v=_7xMfIp-irg,_7xMfIp-irg,1967
25,Twist and Shout,The Beatles,Please Please Me,2:33,https://www.youtube.com/watch?v=ZGgDYiMv5_0,ZGgDYiMv5_0,1963
26,Hotel California,Eagles,Hotel California,6:31,https://www.youtube.com/watch?v=698Ck8QjR0A,698Ck8QjR0A,1976
27,Take It Easy,Eagles,Eagles,3:31,https://www.youtube.com/watch?v=f8B8G4sS3_o,f8B8G4sS3_o,1972
28,I Will Always Love You,Whitney Houston,The Bodyguard,4:31,https://www.youtube.com/watch?v=3JWTaaS7LdU,3JWTaaS7LdU,1992
29,I Wanna Dance with Somebody,Whitney Houston,Whitney,4:51,https://www.youtube.com/watch?v=eH3giaIzOOA,eH3giaIzOOA,1987
30,Greatest Love of All,Whitney Houston,Whitney Houston,4:51,https://www.youtube.com/watch?v=IYzlVDlE72w,IYzlVDlE72w,1985
31,Rocket Man,Elton John,Honky Château,4:41,https://www.youtube.com/watch?v=DtVBCG6ThDk,DtVBCG6ThDk,1972
32,I'm Still Standing,Elton John,Too Low for Zero,3:03,https://www.youtube.com/watch?v=ZHwVBirVoD0,ZHwVBirVoD0,1983
33,Your Song,Elton John,Elton John,4:02,https://www.youtube.com/watch?v=GlPhL5gW9E4,GlPhL5gW9E4,1970
34,Tiny Dancer,Elton John,Madman Across the Water,6:17,https://www.youtube.com/watch?v=Uy0m7jGv3Ns,Uy0m7jGv3Ns,1971
35,Dancing Queen,ABBA,Arrival,3:51,https://www.youtube.com/watch?v=xFrGuyw1V8s,xFrGuyw1V8s,1976
36,Mamma Mia,ABBA,ABBA,3:32,https://www.youtube.com/watch?v=unFzKcsu2TM,unFzKcsu2TM,1975
37,Gimme! Gimme! Gimme!,ABBA,Voulez-Vous,4:45,https://www.youtube.com/watch?v=XEjLoHdbVeE,XEjLoHdbVeE,1979
38,Take a Chance on Me,ABBA,The Album,4:05,https://www.youtube.com/watch?v=Z4Xe5R2u_jw,Z4Xe5R2u_jw,1977
39,Livin' on a Prayer,Bon Jovi,Slippery When Wet,4:09,https://www.youtube.com/watch?v=lDK9QqIzhwk,lDK9QqIzhwk,1986
40,Always,Bon Jovi,Cross Road,5:53,https://www.youtube.com/watch?v=vjVkXlxsH8g,vjVkXlxsH8g,1994
41,It's My Life,Bon Jovi,Crush,3:44,https://www.youtube.com/watch?v=vx2u5uUu3DE,vx2u5uUu3DE,2000
42,Sweet Child O' Mine,Guns N' Roses,Appetite for Destruction,5:56,https://www.youtube.com/watch?v=1w7OgIMMRc4,1w7OgIMMRc4,1987
43,November Rain,Guns N' Roses,Use Your Illusion I,8:57,https://www.youtube.com/watch?v=8SbUC-UaAxE,8SbUC-UaAxE,1991
44,Paradise City,Guns N' Roses,Appetite for Destruction,6:46,https://www.youtube.com/watch?v=Rbm6GXllBiw,Rbm6GXllBiw,1987
45,Welcome to the Jungle,Guns N' Roses,Appetite for Destruction,4:31,https://www.youtube.com/watch?v=o1tj2zJ2Wvg,o1tj2zJ2Wvg,1987
46,Smells Like Teen Spirit,Nirvana,Nevermind,5:01,https://www.youtube.com/watch?v=hTWKbfoikeg,hTWKbfoikeg,1991
47,Come as You Are,Nirvana,Nevermind,3:39,https://www.youtube.com/watch?v=vabnZ9-ex7o,vabnZ9-ex7o,1991
48,Lithium,Nirvana,Nevermind,4:17,https://www.youtube.com/watch?v=pkcJEvMcnEg,pkcJEvMcnEg,1991
49,Every Breath You Take,The Police,Synchronicity,4:13,https://www.youtube.com/watch?v=OmE7k3wH0ac,OmE7k3wH0ac,1983
50,Take On Me,a-ha,Hunting High and Low,3:46,https://www.youtube.com/watch?v=djV11Xbc914,djV11Xbc914,1985
51,Everybody Wants to Rule the World,Tears for Fears,Songs from the Big Chair,4:11,https://www.youtube.com/watch?v=aGCdLKXNF3w,aGCdLKXNF3w,1985
52,Girls Just Want to Have Fun,Cyndi Lauper,She's So Unusual,3:58,https://www.youtube.com/watch?v=PIb6AZdTr-A,PIb6AZdTr-A,1983
53,The Final Countdown,Europe,The Final Countdown,5:10,https://www.youtube.com/watch?v=9jK-NcRmVcw,9jK-NcRmVcw,1986
54,Eye of the Tiger,Survivor,Eye of the Tiger,4:05,https://www.youtube.com/watch?v=btPJPFnesV4,btPJPFnesV4,1982
55,Piano Man,Billy Joel,Piano Man,5:37,https://www.youtube.com/watch?v=gxEPV4kolz0,gxEPV4kolz0,1973
56,We Didn't Start the Fire,Billy Joel,Storm Front,4:49,https://www.youtube.com/watch?v=eFTLKWw542g,eFTLKWw542g,1989
57,Superstition,Stevie Wonder,Talking Book,4:26,https://www.youtube.com/watch?v=0CFuCYNx-1g,0CFuCYNx-1g,1972
58,Isn't She Lovely,Stevie Wonder,Songs in the Key of Life,6:34,https://www.youtube.com/watch?v=Qz3V0p2f8V8,Qz3V0p2f8V8,1976
59,All Night Long,Lionel Richie,Can't Slow Down,6:24,https://www.youtube.com/watch?v=0SElA2aV2Ks,0SElA2aV2Ks,1983
60,Say You Say Me,Lionel Richie,White Nights,4:02,https://www.youtube.com/watch?v=A-pQ6vcXVD0,A-pQ6vcXVD0,1985
61,All I Want for Christmas Is You,Mariah Carey,Merry Christmas,4:01,https://www.youtube.com/watch?v=yXQViqx6GMY,yXQViqx6GMY,1994
62,Hero,Mariah Carey,Music Box,4:17,https://www.youtube.com/watch?v=0IA3ZvCkRkQ,0IA3ZvCkRkQ,1993
63,We Belong Together,Mariah Carey,The Emancipation of Mimi,3:21,https://www.youtube.com/watch?v=HabrGc7uCM0,HabrGc7uCM0,2005
64,My Heart Will Go On,Celine Dion,Let's Talk About Love,4:40,https://www.youtube.com/watch?v=3g1zqN4yWqk,3g1zqN4yWqk,1997
65,Because You Loved Me,Celine Dion,Falling into You,4:33,https://www.youtube.com/watch?v=onmx2lfnZhU,onmx2lfnZhU,1996
66,Toxic,Britney Spears,In the Zone,3:21,https://www.youtube.com/watch?v=LOZuxa3is-0,LOZuxa3is-0,2003
67,Baby One More Time,Britney Spears,...Baby One More Time,3:31,https://www.youtube.com/watch?v=C-u5WLJ9Yk4,C-u5WLJ9Yk4,1998
68,Oops!... I Did It Again,Britney Spears,Oops!... I Did It Again,3:31,https://www.youtube.com/watch?v=CduA0Tbtnow,CduA0Tbtnow,2000
69,Womanizer,Britney Spears,Circus,3:44,https://www.youtube.com/watch?v=ked2JVmgVG8,ked2JVmgVG8,2008
70,Lose Yourself,Eminem,8 Mile,5:26,https://www.youtube.com/watch?v=xFYQQlOzPO0,xFYQQlOzPO0,2002
71,Not Afraid,Eminem,Recovery,4:10,https://www.youtube.com/watch?v=j5-yKhDd64s,j5-yKhDd64s,2010
72,Love the Way You Lie (ft. Rihanna),Eminem,Recovery,4:23,https://www.youtube.com/watch?v=uelHwf8o7_U,uelHwf8o7_U,2010
73,Without Me,Eminem,The Eminem Show,4:50,https://www.youtube.com/watch?v=YVkUvmDQ3HY,YVkUvmDQ3HY,2002
74,Rap God,Eminem,The Marshall Mathers LP 2,6:03,https://www.youtube.com/watch?v=XbGs_qK2PQA,XbGs_qK2PQA,2013
75,The Real Slim Shady,Eminem,The Marshall Mathers LP,4:44,https://www.youtube.com/watch?v=eJO5HU_7_1w,eJO5HU_7_1w,2000
76,Stan (ft. Dido),Eminem,The Marshall Mathers LP,6:44,https://www.youtube.com/watch?v=gOMhN_hfPbA,gOMhN_hfPbA,2000
77,Shape of You,Ed Sheeran,÷ (Divide),3:53,https://www.youtube.com/watch?v=JGwWNGJdvx8,JGwWNGJdvx8,2017
78,Perfect,Ed Sheeran,÷ (Divide),4:23,https://www.youtube.com/watch?v=2Vv-BfVoq4g,2Vv-BfVoq4g,2017
79,Thinking Out Loud,Ed Sheeran,x (Multiply),4:41,https://www.youtube.com/watch?v=lp-EO5I60KA,lp-EO5I60KA,2014
80,Photograph,Ed Sheeran,x (Multiply),4:18,https://www.youtube.com/watch?v=nSDgHBxUbVQ,nSDgHBxUbVQ,2014
81,Castle on the Hill,Ed Sheeran,÷ (Divide),4:21,https://www.youtube.com/watch?v=K0ibBPhiaG0,K0ibBPhiaG0,2017
82,Galway Girl,Ed Sheeran,÷ (Divide),2:50,https://www.youtube.com/watch?v=87gWaABqmcI,87gWaABqmcI,2017
83,Shivers,Ed Sheeran,= (Equals),3:27,https://www.youtube.com/watch?v=Il0S8BouvSA,Il0S8BouvSA,2021
84,Bad Habits,Ed Sheeran,= (Equals),3:51,https://www.youtube.com/watch?v=orjsD1n_hoM,orjsD1n_hoM,2021
85,The A Team,Ed Sheeran,+,3:18,https://www.youtube.com/watch?v=UAaWmpJXQuk,UAaWmpJXQuk,2011
86,Blank Space,Taylor Swift,1989,3:51,https://www.youtube.com/watch?v=e-ORhEE9VVg,e-ORhEE9VVg,2014
87,Shake It Off,Taylor Swift,1989,3:39,https://www.youtube.com/watch?v=nfWlot6h_JM,nfWlot6h_JM,2014
88,Love Story,Taylor Swift,Fearless,3:55,https://www.youtube.com/watch?v=8xg3vE8Ie_E,8xg3vE8Ie_E,2008
89,Bad Blood,Taylor Swift,1989,3:31,https://www.youtube.com/watch?v=QcIy9NiNbmo,QcIy9NiNbmo,2014
90,You Belong with Me,Taylor Swift,Fearless,3:51,https://www.youtube.com/watch?v=VuNIsY6JdUw,VuNIsY6JdUw,2008
91,Style,Taylor Swift,1989,3:51,https://www.youtube.com/watch?v=-CmadmM5cOk,-CmadmM5cOk,2014
92,Look What You Made Me Do,Taylor Swift,Reputation,3:31,https://www.youtube.com/watch?v=3tmd-ClpJxA,3tmd-ClpJxA,2017
93,Delicate,Taylor Swift,Reputation,3:52,https://www.youtube.com/watch?v=tCXGJQYZ9JA,tCXGJQYZ9JA,2017
94,Wildest Dreams,Taylor Swift,1989,3:40,https://www.youtube.com/watch?v=IdneKLbsWOQ,IdneKLbsWOQ,2014
95,Anti-Hero,Taylor Swift,Midnights,3:20,https://www.youtube.com/watch?v=b1kbLwvqugk,b1kbLwvqugk,2022
96,Cruel Summer,Taylor Swift,Lover,2:58,https://www.youtube.com/watch?v=ic8j13piAhQ,ic8j13piAhQ,2019
97,Cardigan,Taylor Swift,Folklore,3:59,https://www.youtube.com/watch?v=K-a8s8OLBSE,K-a8s8OLBSE,2020
98,Willow,Taylor Swift,Evermore,3:34,https://www.youtube.com/watch?v=RsEZmw_IGqc,RsEZmw_IGqc,2020
99,Rolling in the Deep,Adele,21,3:48,https://www.youtube.com/watch?v=rYEDA3JcQqw,rYEDA3JcQqw,2010
100,Someone Like You,Adele,21,4:45,https://www.youtube.com/watch?v=hLQl3WQQoQ0,hLQl3WQQoQ0,2011
101,Hello,Adele,25,6:07,https://www.youtube.com/watch?v=YQHsXMglC9A,YQHsXMglC9A,2015
102,Set Fire to the Rain,Adele,21,4:02,https://www.youtube.com/watch?v=Ri7-vnrJD3k,Ri7-vnrJD3k,2011
103,Skyfall,Adele,Skyfall,4:46,https://www.youtube.com/watch?v=DeumyOzKqgI,DeumyOzKqgI,2012
104,Easy on Me,Adele,30,3:44,https://www.youtube.com/watch?v=U3ASj1L6_sY,U3ASj1L6_sY,2021
105,When We Were Young,Adele,25,4:50,https://www.youtube.com/watch?v=DDWKuo3gXMQ,DDWKuo3gXMQ,2015
106,Sorry,Justin Bieber,Purpose,3:20,https://www.youtube.com/watch?v=fRh_vgS2dFE,fRh_vgS2dFE,2015
107,Love Yourself,Justin Bieber,Purpose,3:53,https://www.youtube.com/watch?v=oyEuk8j8imI,oyEuk8j8imI,2015
108,What Do You Mean?,Justin Bieber,Purpose,3:25,https://www.youtube.com/watch?v=kffacxfA7G4,kffacxfA7G4,2015
109,Despacito (ft. Daddy Yankee),Luis Fonsi,Vida,4:41,https://www.youtube.com/watch?v=kJQP7kiw5Fk,kJQP7kiw5Fk,2017
110,Stay,The Kid LAROI & Justin Bieber,F*CK LOVE 3: Over You,2:21,https://www.youtube.com/watch?v=kTJczUoc26U,kTJczUoc26U,2021
111,Peaches (ft. Daniel Caesar & Giveon),Justin Bieber,Justice,3:18,https://www.youtube.com/watch?v=tQ0yjYUFKAE,tQ0yjYUFKAE,2021
112,Ghost,Justin Bieber,Justice,2:33,https://www.youtube.com/watch?v=Xa2lW0l5Jz0,Xa2lW0l5Jz0,2021
113,Intentions (ft. Quavo),Justin Bieber,Changes,3:32,https://www.youtube.com/watch?v=3AyMjyHu1bU,3AyMjyHu1bU,2020
114,Holy (ft. Chance the Rapper),Justin Bieber,Justice,3:32,https://www.youtube.com/watch?v=M9EiLG2VNXQ,M9EiLG2VNXQ,2020
115,Yummy,Justin Bieber,Changes,3:30,https://www.youtube.com/watch?v=8EJ3vJTn4sI,8EJ3vJTn4sI,2020
116,I Don't Care (with Justin Bieber),Ed Sheeran,No.6 Collaborations Project,3:39,https://www.youtube.com/watch?v=yEyXJYtEMDQ,yEyXJYtEMDQ,2019
117,Roar,Katy Perry,Prism,3:43,https://www.youtube.com/watch?v=CevxZvSJLk8,CevxZvSJLk8,2013
118,Firework,Katy Perry,Teenage Dream,3:47,https://www.youtube.com/watch?v=QGJuMBdaqIw,QGJuMBdaqIw,2010
119,Dark Horse (ft. Juicy J),Katy Perry,Prism,3:35,https://www.youtube.com/watch?v=0KSOMA3QBU0,0KSOMA3QBU0,2013
120,Teenage Dream,Katy Perry,Teenage Dream,3:47,https://www.youtube.com/watch?v=98WtmW-lfeE,98WtmW-lfeE,2010
121,California Gurls (ft. Snoop Dogg),Katy Perry,Teenage Dream,3:56,https://www.youtube.com/watch?v=F57P9C4SAW4,F57P9C4SAW4,2010
122,Last Friday Night,Katy Perry,Teenage Dream,3:50,https://www.youtube.com/watch?v=KlyXNRrsk4A,KlyXNRrsk4A,2010
123,Hot N Cold,Katy Perry,One of the Boys,3:40,https://www.youtube.com/watch?v=kTHNpusq654,kTHNpusq654,2008
124,E.T. (ft. Kanye West),Katy Perry,Teenage Dream,3:26,https://www.youtube.com/watch?v=t5Sd5c4o9UM,t5Sd5c4o9UM,2011
125,Umbrella (ft. Jay-Z),Rihanna,Good Girl Gone Bad,4:35,https://www.youtube.com/watch?v=CvBfHwUxHIk,CvBfHwUxHIk,2007
126,We Found Love (ft. Calvin Harris),Rihanna,Talk That Talk,3:35,https://www.youtube.com/watch?v=tg00YEETFzg,tg00YEETFzg,2011
127,Diamonds,Rihanna,Unapologetic,3:45,https://www.youtube.com/watch?v=lWA2pjMjpBs,lWA2pjMjpBs,2012
128,Stay (ft. Mikky Ekko),Rihanna,Unapologetic,4:00,https://www.youtube.com/watch?v=JF8BRvqGCNs,JF8BRvqGCNs,2012
129,Work (ft. Drake),Rihanna,Anti,3:39,https://www.youtube.com/watch?v=HL1UzIK-flA,HL1UzIK-flA,2016
130,Only Girl (In the World),Rihanna,Loud,3:55,https://www.youtube.com/watch?v=pa14VNsdSYM,pa14VNsdSYM,2010
131,S&M,Rihanna,Loud,4:03,https://www.youtube.com/watch?v=KdS6HFQ_LUc,KdS6HFQ_LUc,2011
132,Rude Boy,Rihanna,Rated R,3:43,https://www.youtube.com/watch?v=e82VE8UtW8A,e82VE8UtW8A,2010
133,This Is What You Came For (ft. Rihanna),Calvin Harris,This Is What You Came For,3:42,https://www.youtube.com/watch?v=kOkQ4T5WO9E,kOkQ4T5WO9E,2016
134,Needed Me,Rihanna,Anti,3:11,https://www.youtube.com/watch?v=8Pao0eE3SFs,8Pao0eE3SFs,2016
135,Poker Face,Lady Gaga,The Fame,3:57,https://www.youtube.com/watch?v=bESGLojNYSo,bESGLojNYSo,2008
136,Bad Romance,Lady Gaga,The Fame Monster,4:54,https://www.youtube.com/watch?v=qrO4YZeyl0I,qrO4YZeyl0I,2009
137,Telephone (ft. Beyoncé),Lady Gaga,The Fame Monster,3:40,https://www.youtube.com/watch?v=EVBsypHzF3U,EVBsypHzF3U,2010
138,Just Dance (ft. Colby O'Donis),Lady Gaga,The Fame,4:02,https://www.youtube.com/watch?v=2Abk1jAONjw,2Abk1jAONjw,2008
139,Born This Way,Lady Gaga,Born This Way,4:20,https://www.youtube.com/watch?v=wV1FrqwZyKw,wV1FrqwZyKw,2011
140,Alejandro,Lady Gaga,The Fame Monster,4:34,https://www.youtube.com/watch?v=niqrrmeY4KY,niqrrmeY4KY,2010
141,Shallow (with Bradley Cooper),Lady Gaga,A Star Is Born,3:36,https://www.youtube.com/watch?v=bo_efYhYU2A,bo_efYhYU2A,2018
142,Always Remember Us This Way,Lady Gaga,A Star Is Born,3:30,https://www.youtube.com/watch?v=XT4C6vDCLAs,XT4C6vDCLAs,2018
143,Rain On Me (with Ariana Grande),Lady Gaga,Chromatica,3:02,https://www.youtube.com/watch?v=AOMyVpsEScM,AOMyVpsEScM,2020
144,Million Reasons,Lady Gaga,Joanne,3:25,https://www.youtube.com/watch?v=eVLi0VvtPDc,eVLi0VvtPDc,2016
145,Halo,Beyoncé,I Am... Sasha Fierce,4:21,https://www.youtube.com/watch?v=bnVUHWCynig,bnVUHWCynig,2008
146,Single Ladies (Put a Ring on It),Beyoncé,I Am... Sasha Fierce,3:13,https://www.youtube.com/watch?v=4m1EFMoRFvY,4m1EFMoRFvY,2008
147,Crazy in Love (ft. Jay-Z),Beyoncé,Dangerously in Love,3:56,https://www.youtube.com/watch?v=ViwtNLUqkMY,ViwtNLUqkMY,2003
148,Irreplaceable,Beyoncé,B'Day,3:47,https://www.youtube.com/watch?v=2EwViQxSJJQ,2EwViQxSJJQ,2006
149,Run the World (Girls),Beyoncé,4,3:56,https://www.youtube.com/watch?v=VBmMU_iwe6U,VBmMU_iwe6U,2011
150,Formation,Beyoncé,Lemonade,3:26,https://www.youtube.com/watch?v=WDZJPJV__bQ,WDZJPJV__bQ,2016
151,Just the Way You Are,Bruno Mars,Doo-Wops & Hooligans,3:40,https://www.youtube.com/watch?v=LjhCEhWiKXk,LjhCEhWiKXk,2010
152,Grenade,Bruno Mars,Doo-Wops & Hooligans,3:42,https://www.youtube.com/watch?v=SR6iYWJxHqs,SR6iYWJxHqs,2010
153,Locked Out of Heaven,Bruno Mars,Unorthodox Jukebox,3:53,https://www.youtube.com/watch?v=e-fA-gBCkj0,e-fA-gBCkj0,2012
154,When I Was Your Man,Bruno Mars,Unorthodox Jukebox,3:33,https://www.youtube.com/watch?v=ekzHIWv3siY,ekzHIWv3siY,2013
155,Treasure,Bruno Mars,Unorthodox Jukebox,2:58,https://www.youtube.com/watch?v=nPvuNsRccVw,nPvuNsRccVw,2013
156,Uptown Funk (ft. Bruno Mars),Mark Ronson,Uptown Special,4:29,https://www.youtube.com/watch?v=OPf0YbXqDm0,OPf0YbXqDm0,2014
157,That's What I Like,Bruno Mars,24K Magic,3:26,https://www.youtube.com/watch?v=PMivT7MJ41M,PMivT7MJ41M,2016
158,24K Magic,Bruno Mars,24K Magic,3:45,https://www.youtube.com/watch?v=UqyT8IEBkvY,UqyT8IEBkvY,2016
159,The Lazy Song,Bruno Mars,Doo-Wops & Hooligans,3:09,https://www.youtube.com/watch?v=fLexgOxsZu0,fLexgOxsZu0,2011
160,Talking to the Moon,Bruno Mars,Doo-Wops & Hooligans,3:37,https://www.youtube.com/watch?v=ApxobCV8LTw,ApxobCV8LTw,2010
161,thank u next,Ariana Grande,thank u next,3:27,https://www.youtube.com/watch?v=gl1aHhXnN1k,gl1aHhXnN1k,2018
162,7 rings,Ariana Grande,thank u next,2:58,https://www.youtube.com/watch?v=QYh6mYIJG2Y,QYh6mYIJG2Y,2019
163,God is a woman,Ariana Grande,Sweetener,3:17,https://www.youtube.com/watch?v=y2vUZk0gD1g,y2vUZk0gD1g,2018
164,No Tears Left to Cry,Ariana Grande,Sweetener,3:25,https://www.youtube.com/watch?v=ffxKSWUZTYM,ffxKSWUZTYM,2018
165,Break Free (ft. Zedd),Ariana Grande,My Everything,3:34,https://www.youtube.com/watch?v=L8eRzNYh3nU,L8eRzNYh3nU,2014
166,Problem (ft. Iggy Azalea),Ariana Grande,My Everything,3:13,https://www.youtube.com/watch?v=iS1g8G_njx8,iS1g8G_njx8,2014
167,Side to Side (ft. Nicki Minaj),Ariana Grande,Dangerous Woman,3:46,https://www.youtube.com/watch?v=SXiSVQZLje8,SXiSVQZLje8,2016
168,Positions,Ariana Grande,Positions,2:52,https://www.youtube.com/watch?v=tcYodQoapMg,tcYodQoapMg,2020
169,34+35,Ariana Grande,Positions,2:53,https://www.youtube.com/watch?v=4HJT0iM_zDc,4HJT0iM_zDc,2020
170,Into You,Ariana Grande,Dangerous Woman,4:04,https://www.youtube.com/watch?v=S1T1Ci5LJ6U,S1T1Ci5LJ6U,2016
171,Stuck with U (with Justin Bieber),Ariana Grande,Single,3:48,https://www.youtube.com/watch?v=pMnnxmd4GfE,pMnnxmd4GfE,2020
172,Waka Waka (This Time for Africa),Shakira,Single,3:22,https://www.youtube.com/watch?v=pRpeEdMmmQ0,pRpeEdMmmQ0,2010
173,Hips Don't Lie (ft. Wyclef Jean),Shakira,Oral Fixation Vol. 2,3:38,https://www.youtube.com/watch?v=DUT5rEU6pqM,DUT5rEU6pqM,2006
174,Whenever Wherever,Shakira,Laundry Service,3:16,https://www.youtube.com/watch?v=weRHyjj34ZE,weRHyjj34ZE,2001
175,Can't Remember to Forget You (ft. Rihanna),Shakira,Shakira,3:26,https://www.youtube.com/watch?v=o3mP3mJDL2k,o3mP3mJDL2k,2014
176,Try Everything,Shakira,Zootopia,3:16,https://www.youtube.com/watch?v=c6rN-YDlGw0,c6rN-YDlGw0,2016
177,Yellow,Coldplay,Parachutes,4:29,https://www.youtube.com/watch?v=yKNxeF4KMsY,yKNxeF4KMsY,2000
178,Viva La Vida,Coldplay,Viva la Vida or Death and All His Friends,4:01,https://www.youtube.com/watch?v=dvgZkm1xWPE,dvgZkm1xWPE,2008
179,The Scientist,Coldplay,A Rush of Blood to the Head,5:09,https://www.youtube.com/watch?v=RB-RcX5SD5w,RB-RcX5SD5w,2002
180,Fix You,Coldplay,X&Y,4:55,https://www.youtube.com/watch?v=k4V3Mo61fJM,k4V3Mo61fJM,2005
181,Clocks,Coldplay,A Rush of Blood to the Head,5:07,https://www.youtube.com/watch?v=d020hcWA_Wg,d020hcWA_Wg,2002
182,Paradise,Coldplay,Mylo Xyloto,4:38,https://www.youtube.com/watch?v=1G4isv_Fylg,1G4isv_Fylg,2011
183,Hymn for the Weekend (ft. Beyoncé),Coldplay,A Head Full of Dreams,4:18,https://www.youtube.com/watch?v=YykjpeuMNEk,YykjpeuMNEk,2015
184,Something Just Like This,The Chainsmokers & Coldplay,Memories... Do Not Open,4:07,https://www.youtube.com/watch?v=FM7MFYoylVs,FM7MFYoylVs,2017
185,Adventure of a Lifetime,Coldplay,A Head Full of Dreams,4:23,https://www.youtube.com/watch?v=QtXby3twMmI,QtXby3twMmI,2015
186,A Sky Full of Stars,Coldplay,Ghost Stories,4:28,https://www.youtube.com/watch?v=VPRjCeoBqrI,VPRjCeoBqrI,2014
187,My Universe,Coldplay & BTS,Music of the Spheres,3:46,https://www.youtube.com/watch?v=3yK9xQvNlS0,3yK9xQvNlS0,2021
188,New Rules,Dua Lipa,Dua Lipa,3:29,https://www.youtube.com/watch?v=k2qgadSvNYU,k2qgadSvNYU,2017
189,Don't Start Now,Dua Lipa,Future Nostalgia,3:03,https://www.youtube.com/watch?v=oyrPxxjkRHA,oyrPxxjkRHA,2019
190,Levitating,Dua Lipa,Future Nostalgia,3:23,https://www.youtube.com/watch?v=TUVcZfQe-Kw,TUVcZfQe-Kw,2020
191,IDGAF,Dua Lipa,Dua Lipa,3:37,https://www.youtube.com/watch?v=4NRXx6U8ABQ,4NRXx6U8ABQ,2018
192,One Kiss (with Calvin Harris),Dua Lipa,Single,3:34,https://www.youtube.com/watch?v=DkeiKbqa02g,DkeiKbqa02g,2018
193,Physical,Dua Lipa,Future Nostalgia,3:13,https://www.youtube.com/watch?v=v6wq_8nL2q0,v6wq_8nL2q0,2020
194,Break My Heart,Dua Lipa,Future Nostalgia,3:41,https://www.youtube.com/watch?v=Nj2U6rNucjE,Nj2U6rNucjE,2020
195,Love Again,Dua Lipa,Future Nostalgia,4:18,https://www.youtube.com/watch?v=4FszTn1-8G4,4FszTn1-8G4,2020
196,bad guy,Billie Eilish,When We All Fall Asleep Where Do We Go,3:14,https://www.youtube.com/watch?v=DyDfgMOUjCI,DyDfgMOUjCI,2019
197,Lovely (with Khalid),Billie Eilish & Khalid,13 Reasons Why,3:20,https://www.youtube.com/watch?v=V1Pl8CzNzCw,V1Pl8CzNzCw,2018
198,When the Party's Over,Billie Eilish,When We All Fall Asleep Where Do We Go,3:16,https://www.youtube.com/watch?v=pbMwTqkKSps,pbMwTqkKSps,2018
199,Everything I Wanted,Billie Eilish,When We All Fall Asleep Where Do We Go,4:05,https://www.youtube.com/watch?v=uD8u2cSg-tY,uD8u2cSg-tY,2019
200,Ocean Eyes,Billie Eilish,Don't Smile at Me,3:20,https://www.youtube.com/watch?v=viimfQi_pUw,viimfQi_pUw,2016
201,Happier Than Ever,Billie Eilish,Happier Than Ever,4:58,https://www.youtube.com/watch?v=5GJWxDKyk3A,5GJWxDKyk3A,2021
202,Therefore I Am,Billie Eilish,Happier Than Ever,2:54,https://www.youtube.com/watch?v=mIVhLq4rBf4,mIVhLq4rBf4,2020
203,No Time to Die,Billie Eilish,No Time to Die,4:02,https://www.youtube.com/watch?v=BO2u1xLvqNQ,BO2u1xLvqNQ,2020
204,Believer,Imagine Dragons,Evolve,3:24,https://www.youtube.com/watch?v=7wtfhZwyrcc,7wtfhZwyrcc,2017
205,Radioactive,Imagine Dragons,Night Visions,3:06,https://www.youtube.com/watch?v=ktvTqknDobU,ktvTqknDobU,2012
206,Demons,Imagine Dragons,Night Visions,2:57,https://www.youtube.com/watch?v=mWRsgZuwf_8,mWRsgZuwf_8,2012
207,Thunder,Imagine Dragons,Evolve,3:07,https://www.youtube.com/watch?v=fKopy74weus,fKopy74weus,2017
208,Whatever It Takes,Imagine Dragons,Evolve,3:21,https://www.youtube.com/watch?v=gOsM-DYqC-o,gOsM-DYqC-o,2017
209,On Top of the World,Imagine Dragons,Night Visions,3:12,https://www.youtube.com/watch?v=w5tWYmIOWGk,w5tWYmIOWGk,2013
210,Bones,Imagine Dragons,Mercury Acts 1 & 2,2:45,https://www.youtube.com/watch?v=DH2Mw4QyZIs,DH2Mw4QyZIs,2021
211,Girls Like You (ft. Cardi B),Maroon 5,Red Pill Blues,3:55,https://www.youtube.com/watch?v=aJOTlE1K90k,aJOTlE1K90k,2018
212,Sugar,Maroon 5,V,3:55,https://www.youtube.com/watch?v=09R8_2nJtjg,09R8_2nJtjg,2014
213,Payphone (ft. Wiz Khalifa),Maroon 5,Overexposed,3:51,https://www.youtube.com/watch?v=KRaWnd3LJfs,KRaWnd3LJfs,2012
214,One More Night,Maroon 5,Overexposed,3:39,https://www.youtube.com/watch?v=fwK7ggA3-bU,fwK7ggA3-bU,2012
215,Moves Like Jagger (ft. Christina Aguilera),Maroon 5,Hands All Over,3:21,https://www.youtube.com/watch?v=iEPTlhBmwRg,iEPTlhBmwRg,2011
216,She Will Be Loved,Maroon 5,Songs About Jane,4:17,https://www.youtube.com/watch?v=nIjVuRTm-dc,nIjVuRTm-dc,2004
217,Memories,Maroon 5,Jordi,3:09,https://www.youtube.com/watch?v=SlPhMPnQ58k,SlPhMPnQ58k,2019
218,Animals,Maroon 5,V,3:51,https://www.youtube.com/watch?v=qpgTC9MDx1o,qpgTC9MDx1o,2014
219,Maps,Maroon 5,V,3:09,https://www.youtube.com/watch?v=YVw7eJ0vGfM,YVw7eJ0vGfM,2014
220,Blinding Lights,The Weeknd,After Hours,3:20,https://www.youtube.com/watch?v=fHI8X4OXluQ,fHI8X4OXluQ,2019
221,Starboy (ft. Daft Punk),The Weeknd,Starboy,3:50,https://www.youtube.com/watch?v=34Na4j8AVgA,34Na4j8AVgA,2016
222,The Hills,The Weeknd,Beauty Behind the Madness,4:02,https://www.youtube.com/watch?v=yzTuBuRdAyA,yzTuBuRdAyA,2015
223,Can't Feel My Face,The Weeknd,Beauty Behind the Madness,3:33,https://www.youtube.com/watch?v=KEIq4km8DCU,KEIq4km8DCU,2015
224,Save Your Tears,The Weeknd,After Hours,3:35,https://www.youtube.com/watch?v=XXYlFuWEuKI,XXYlFuWEuKI,2020
225,Die For You,The Weeknd,Starboy,4:20,https://www.youtube.com/watch?v=qFLhGq0060w,qFLhGq0060w,2016
226,Earned It (Fifty Shades of Grey),The Weeknd,Beauty Behind the Madness,4:37,https://www.youtube.com/watch?v=wTt7uHLtL8Y,wTt7uHLtL8Y,2014
227,Heartless,The Weeknd,After Hours,3:18,https://www.youtube.com/watch?v=yxW5mBdOhzs,yxW5mBdOhzs,2019
228,Call Out My Name,The Weeknd,My Dear Melancholy,3:48,https://www.youtube.com/watch?v=M4_9jBmqZec,M4_9jBmqZec,2018
229,In Your Eyes,The Weeknd,After Hours,3:57,https://www.youtube.com/watch?v=EKI94kq1c5I,EKI94kq1c5I,2020
230,One of the Girls,The Weeknd & JENNIE,The Idol,3:36,https://www.youtube.com/watch?v=n3PZkEipJmQ,n3PZkEipJmQ,2023
231,Pray for Me (with Kendrick Lamar),The Weeknd,Black Panther,3:31,https://www.youtube.com/watch?v=4yjyiTZ7fOM,4yjyiTZ7fOM,2018
232,Creepin' (with 21 Savage),Metro Boomin & The Weeknd,HEROES & VILLAINS,3:41,https://www.youtube.com/watch?v=yRMEbbZJzE4,yRMEbbZJzE4,2022
233,Say So,Doja Cat,Hot Pink,3:57,https://www.youtube.com/watch?v=pok8H_KF1FA,pok8H_KF1FA,2019
234,Kiss Me More (ft. SZA),Doja Cat,Planet Her,3:28,https://www.youtube.com/watch?v=elJmkZ7v3rA,elJmkZ7v3rA,2021
235,Need to Know,Doja Cat,Planet Her,3:30,https://www.youtube.com/watch?v=-1xj0XnO0J8,-1xj0XnO0J8,2021
236,Woman,Doja Cat,Planet Her,2:52,https://www.youtube.com/watch?v=fAPfK3cfN_I,fAPfK3cfN_I,2021
237,Heat Waves,Glass Animals,Dreamland,3:59,https://www.youtube.com/watch?v=mRD0-GxqHVo,mRD0-GxqHVo,2020
238,As It Was,Harry Styles,Harry's House,2:47,https://www.youtube.com/watch?v=H5v3kku4y6Q,H5v3kku4y6Q,2022
239,Watermelon Sugar,Harry Styles,Fine Line,2:54,https://www.youtube.com/watch?v=E07s5ZYygMg,E07s5ZYygMg,2019
240,Adore You,Harry Styles,Fine Line,3:27,https://www.youtube.com/watch?v=vf6-zKxVfeo,vf6-zKxVfeo,2019
241,Sign of the Times,Harry Styles,Harry Styles,5:40,https://www.youtube.com/watch?v=qN4ooNx77u0,qN4ooNx77u0,2017
242,Golden,Harry Styles,Fine Line,3:28,https://www.youtube.com/watch?v=PkZNo7MFNFg,PkZNo7MFNFg,2019
243,Cheap Thrills (ft. Sean Paul),Sia,This Is Acting,3:44,https://www.youtube.com/watch?v=nYh-n7EOtMA,nYh-n7EOtMA,2015
244,Chandelier,Sia,1000 Forms of Fear,3:36,https://www.youtube.com/watch?v=2vjPBrBU-TM,2vjPBrBU-TM,2014
245,Elastic Heart,Sia,1000 Forms of Fear,4:17,https://www.youtube.com/watch?v=KWZGAExj-es,KWZGAExj-es,2015
246,Titanium (ft. Sia),David Guetta,Nothing but the Beat,4:05,https://www.youtube.com/watch?v=JRfuAukYTKg,JRfuAukYTKg,2011
247,Lean On,Major Lazer & DJ Snake,Peace Is the Mission,2:56,https://www.youtube.com/watch?v=YqeW9_5kURI,YqeW9_5kURI,2015
248,Cold Water (ft. Justin Bieber),Major Lazer,Peace Is the Mission,3:18,https://www.youtube.com/watch?v=9iZJksZzbtA,9iZJksZzbtA,2016
249,Let Her Go,Passenger,All the Little Lights,4:12,https://www.youtube.com/watch?v=RBumgq5yVrA,RBumgq5yVrA,2012
250,Ho Hey,The Lumineers,The Lumineers,2:43,https://www.youtube.com/watch?v=zvCBSSwgtg4,zvCBSSwgtg4,2012
251,Counting Stars,OneRepublic,Native,4:17,https://www.youtube.com/watch?v=hT_nvWreIhg,hT_nvWreIhg,2013
252,Apologize (ft. Timbaland),OneRepublic,Dreaming Out Loud,3:28,https://www.youtube.com/watch?v=ZSM3w1v-A_Y,ZSM3w1v-A_Y,2007
253,Stitches,Shawn Mendes,Handwritten,3:26,https://www.youtube.com/watch?v=VbfpW0pbvaU,VbfpW0pbvaU,2015
254,Treat You Better,Shawn Mendes,Illuminate,3:07,https://www.youtube.com/watch?v=lY2yjAdbvdQ,lY2yjAdbvdQ,2016
255,There's Nothing Holdin' Me Back,Shawn Mendes,Illuminate,3:19,https://www.youtube.com/watch?v=dT2owtxkU8k,dT2owtxkU8k,2016
256,Señorita (with Camila Cabello),Shawn Mendes & Camila Cabello,Shawn Mendes,3:10,https://www.youtube.com/watch?v=Pkh8UtuejGw,Pkh8UtuejGw,2019
257,In My Blood,Shawn Mendes,Shawn Mendes,3:31,https://www.youtube.com/watch?v=4TYv2PhG89A,4TYv2PhG89A,2018
258,Havana (ft. Young Thug),Camila Cabello,Camila,3:37,https://www.youtube.com/watch?v=BQ0mxQXmLsk,BQ0mxQXmLsk,2017
259,Don't Let Me Down (ft. Daya),The Chainsmokers,Collage,3:28,https://www.youtube.com/watch?v=Io0fAl1Dixg,Io0fAl1Dixg,2016
260,Closer (ft. Halsey),The Chainsmokers,Collage,4:04,https://www.youtube.com/watch?v=PT2_F-1esPk,PT2_F-1esPk,2016
261,Roses (Imanbek Remix),SAINt JHN,While the World Was Burning,2:56,https://www.youtube.com/watch?v=XfBzCv9Jw1Q,XfBzCv9Jw1Q,2020
262,Sunflower (Spider-Verse),Post Malone & Swae Lee,Hollywood's Bleeding,2:38,https://www.youtube.com/watch?v=ApXoWvfEYVU,ApXoWvfEYVU,2018
263,rockstar (ft. 21 Savage),Post Malone,Beerbongs & Bentleys,3:38,https://www.youtube.com/watch?v=UceaB4D0jpo,UceaB4D0jpo,2017
264,Circles,Post Malone,Hollywood's Bleeding,3:35,https://www.youtube.com/watch?v=wXhTHyIgQ_U,wXhTHyIgQ_U,2019
265,Better Now,Post Malone,Beerbongs & Bentleys,3:51,https://www.youtube.com/watch?v=UYwF-jdcVjY,UYwF-jdcVjY,2018
266,Congratulations (ft. Quavo),Post Malone,Stoney,3:40,https://www.youtube.com/watch?v=SC4xMk98Pdc,SC4xMk98Pdc,2016
267,Old Town Road (ft. Billy Ray Cyrus),Lil Nas X,7,2:37,https://www.youtube.com/watch?v=r7qovpFAGrQ,r7qovpFAGrQ,2019
268,Industry Baby (ft. Jack Harlow),Lil Nas X,Montero,3:32,https://www.youtube.com/watch?v=UTHLKHL_whs,UTHLKHL_whs,2021
269,Montero (Call Me by Your Name),Lil Nas X,Montero,2:17,https://www.youtube.com/watch?v=6swmTBVI83k,6swmTBVI83k,2021
270,Butter,BTS,Butter,2:44,https://www.youtube.com/watch?v=WMweEpGlu_U,WMweEpGlu_U,2021
271,Dynamite,BTS,Be,3:19,https://www.youtube.com/watch?v=gdZLi9oWNZg,gdZLi9oWNZg,2020
272,Pink Venom,BLACKPINK,Born Pink,3:06,https://www.youtube.com/watch?v=IOzhhBVSxEo,IOzhhBVSxEo,2022
273,How You Like That,BLACKPINK,The Album,3:02,https://www.youtube.com/watch?v=ioNng23DkIM,ioNng23DkIM,2020
274,Dance Monkey,Tones and I,The Kids Are Coming,3:29,https://www.youtube.com/watch?v=q0hyYWKXF0Q,q0hyYWKXF0Q,2019
275,Someone You Loved,Lewis Capaldi,Divinely Uninspired to a Hellish Extent,3:02,https://www.youtube.com/watch?v=zABLecsR5UE,zABLecsR5UE,2018
276,Before You Go,Lewis Capaldi,Divinely Uninspired to a Hellish Extent,3:35,https://www.youtube.com/watch?v=Jhq0oQFA9Y4,Jhq0oQFA9Y4,2019
277,Hold On,Lewis Capaldi,Divinely Uninspired to a Hellish Extent,3:06,https://www.youtube.com/watch?v=g-8M7kZGl_E,g-8M7kZGl_E,2020
278,High Hopes,Panic! at the Disco,Pray for the Wicked,3:10,https://www.youtube.com/watch?v=IPXIgEAGe4U,IPXIgEAGe4U,2018
279,Happy,Pharrell Williams,G I R L,3:53,https://www.youtube.com/watch?v=ZbZSe6N_BXs,ZbZSe6N_BXs,2013
280,Get Lucky (ft. Pharrell Williams),Daft Punk,Random Access Memories,6:09,https://www.youtube.com/watch?v=5NV6Rdv1a3I,5NV6Rdv1a3I,2013
281,All of Me,John Legend,Love in the Future,4:29,https://www.youtube.com/watch?v=450p7goxZqg,450p7goxZqg,2013
282,The Nights,Avicii,The Days / Nights,2:56,https://www.youtube.com/watch?v=UtF6Jej8yb4,UtF6Jej8yb4,2014
283,Wake Me Up,Avicii,True,4:07,https://www.youtube.com/watch?v=IcrbM1l_BoI,IcrbM1l_BoI,2013
284,Waiting for Love,Avicii,Stories,3:50,https://www.youtube.com/watch?v=cHHLHGNpCSA,cHHLHGNpCSA,2015
285,Levels,Avicii,True,3:19,https://www.youtube.com/watch?v=_ovdm2yX4MA,_ovdm2yX4MA,2011
286,Heathens,Twenty One Pilots,Blurryface,3:15,https://www.youtube.com/watch?v=UprcpdwuwCg,UprcpdwuwCg,2016
287,Stressed Out,Twenty One Pilots,Blurryface,3:22,https://www.youtube.com/watch?v=pXRviuL6vMY,pXRviuL6vMY,2015
288,Ride,Twenty One Pilots,Blurryface,3:34,https://www.youtube.com/watch?v=Pw-0pbY9JeU,Pw-0pbY9JeU,2015
289,Attention,Charlie Puth,Voicenotes,3:31,https://www.youtube.com/watch?v=nfs8NYg7yQM,nfs8NYg7yQM,2017
290,We Don't Talk Anymore (ft. Selena Gomez),Charlie Puth,Nine Track Mind,3:37,https://www.youtube.com/watch?v=3AtDnEC4zak,3AtDnEC4zak,2016
291,See You Again (ft. Charlie Puth),Wiz Khalifa,Furious 7,3:49,https://www.youtube.com/watch?v=RgKAFK5djSk,RgKAFK5djSk,2015
292,One Dance (ft. Wizkid & Kyla),Drake,Views,2:54,https://www.youtube.com/watch?v=iAbnEUA0wpA,iAbnEUA0wpA,2016
293,God's Plan,Drake,Scorpion,3:19,https://www.youtube.com/watch?v=xpVfcZ0ZcFM,xpVfcZ0ZcFM,2018
294,In My Feelings,Drake,Scorpion,3:37,https://www.youtube.com/watch?v=DRS_xpGUEGI,DRS_xpGUEGI,2018
295,Hotline Bling,Drake,Views,4:27,https://www.youtube.com/watch?v=uxpDa-c-4Mc,uxpDa-c-4Mc,2015
296,Passionfruit,Drake,More Life,4:58,https://www.youtube.com/watch?v=COz9lDCFHjw,COz9lDCFHjw,2017
297,Too Good (ft. Rihanna),Drake,Views,4:23,https://www.youtube.com/watch?v=xWggTb45brM,xWggTb45brM,2016
298,HUMBLE.,Kendrick Lamar,DAMN.,2:57,https://www.youtube.com/watch?v=tvTRZJ-4EyI,tvTRZJ-4EyI,2017
299,DNA.,Kendrick Lamar,DAMN.,3:05,https://www.youtube.com/watch?v=NLZRYQMLDW4,NLZRYQMLDW4,2017
300,Alright,Kendrick Lamar,To Pimp a Butterfly,3:39,https://www.youtube.com/watch?v=Z-48u_uWMHY,Z-48u_uWMHY,2015
301,Swimming Pools (Drank),Kendrick Lamar,Good Kid M.A.A.D City,4:07,https://www.youtube.com/watch?v=B5YNiCfIU3A,B5YNiCfIU3A,2012
302,Godzilla (ft. Juice WRLD),Eminem,Music to Be Murdered By,3:30,https://www.youtube.com/watch?v=r_0JjYUe5jo,r_0JjYUe5jo,2020
303,Lucid Dreams,Juice WRLD,Goodbye & Good Riddance,3:59,https://www.youtube.com/watch?v=mzB1VGEGcSU,mzB1VGEGcSU,2018
304,All Girls Are the Same,Juice WRLD,Goodbye & Good Riddance,2:45,https://www.youtube.com/watch?v=3c_Q18i4Bjg,3c_Q18i4Bjg,2018
305,Robbery,Juice WRLD,Death Race for Love,4:00,https://www.youtube.com/watch?v=m4_9TFeMfJE,m4_9TFeMfJE,2019
306,Sicko Mode,Travis Scott,Astroworld,5:12,https://www.youtube.com/watch?v=6ONRf7h3Mdk,6ONRf7h3Mdk,2018
307,Goosebumps (ft. Kendrick Lamar),Travis Scott,Birds in the Trap Sing McKnight,4:03,https://www.youtube.com/watch?v=Dst9gZkq1a8,Dst9gZkq1a8,2016
308,The Box,Roddy Ricch,Please Excuse Me for Being Antisocial,3:16,https://www.youtube.com/watch?v=UNZqm3QdZ0w,UNZqm3QdZ0w,2019
309,WAP (ft. Megan Thee Stallion),Cardi B,Single,3:07,https://www.youtube.com/watch?v=hsm4poIWjfg,hsm4poIWjfg,2020
310,Bodak Yellow,Cardi B,Invasion of Privacy,3:43,https://www.youtube.com/watch?v=PEGccV-NOm8,PEGccV-NOm8,2017
311,I Like It (ft. Bad Bunny & J Balvin),Cardi B,Invasion of Privacy,4:13,https://www.youtube.com/watch?v=xTlNMmZKHTA,xTlNMmZKHTA,2018
312,Anaconda,Nicki Minaj,The Pinkprint,4:20,https://www.youtube.com/watch?v=LDZX4ooRsWs,LDZX4ooRsWs,2014
313,Super Bass,Nicki Minaj,Pink Friday,3:20,https://www.youtube.com/watch?v=4JipHEz53sU,4JipHEz53sU,2011
314,Starships,Nicki Minaj,Pink Friday: Roman Reloaded,3:30,https://www.youtube.com/watch?v=SeIJmciN8mo,SeIJmciN8mo,2012
315,Rather Be (ft. Jess Glynne),Clean Bandit,New Eyes,3:47,https://www.youtube.com/watch?v=m-M1AtrxztU,m-M1AtrxztU,2014
316,Rockabye (ft. Sean Paul & Anne-Marie),Clean Bandit,What Is Love?,4:11,https://www.youtube.com/watch?v=papuvlVeZg8,papuvlVeZg8,2016
317,Solo (with Demi Lovato),Clean Bandit,What Is Love?,3:42,https://www.youtube.com/watch?v=8JnfIa84TnU,8JnfIa84TnU,2018
318,FRIENDS,Anne-Marie & Marshmello,Speak Your Mind,3:22,https://www.youtube.com/watch?v=CY8E6GP5m2E,CY8E6GP5m2E,2018
319,Happier,Marshmello & Bastille,Single,3:34,https://www.youtube.com/watch?v=m7Bc3pLyij0,m7Bc3pLyij0,2018
320,Alone,Marshmello,Alone,4:33,https://www.youtube.com/watch?v=ALZHF5UqnU4,ALZHF5UqnU4,2016
321,Silence (ft. Khalid),Marshmello,Silence,3:00,https://www.youtube.com/watch?v=tk36ovCMsJ8,tk36ovCMsJ8,2017
322,In the Name of Love,Martin Garrix & Bebe Rexha,In the Name of Love,3:15,https://www.youtube.com/watch?v=JkK8gwuFM3U,JkK8gwuFM3U,2016
323,Scared to Be Lonely,Martin Garrix & Dua Lipa,In the Name of Love,3:40,https://www.youtube.com/watch?v=e2vBLd5EUVk,e2vBLd5EUVk,2017
324,Taki Taki (ft. Selena Gomez & Cardi B),DJ Snake,Carte Blanche,3:32,https://www.youtube.com/watch?v=ixkoVwKQaJg,ixkoVwKQaJg,2018
325,Let Me Love You (ft. Justin Bieber),DJ Snake,Encore,3:25,https://www.youtube.com/watch?v=euCqAq6BRa4,euCqAq6BRa4,2016
326,Panama,Matt Alvarado,Panama,2:30,https://www.youtube.com/watch?v=97n6JXvDEGg,97n6JXvDEGg,2016
327,Gangnam Style,PSY,Psy 6 (Six Rules),4:12,https://www.youtube.com/watch?v=9bZkp7q19f0,9bZkp7q19f0,2012
328,Faded,Alan Walker,Different World,3:32,https://www.youtube.com/watch?v=60ItHLz5WEA,60ItHLz5WEA,2015
329,Darkside,Alan Walker,World of Walker,3:31,https://www.youtube.com/watch?v=RPbG9fBfUSI,RPbG9fBfUSI,2018
330,The Spectre,Alan Walker,Different World,3:13,https://www.youtube.com/watch?v=wJnBTPUQS5A,wJnBTPUQS5A,2017
331,On My Way (ft. Sabrina Carpenter),Alan Walker,World of Walker,3:13,https://www.youtube.com/watch?v=dhYOPzcsbGM,dhYOPzcsbGM,2019
332,Sunroof,Nicky Youre & dazy,Good Times,2:43,https://www.youtube.com/watch?v=0LQnGEoOYjU,0LQnGEoOYjU,2022
333,Unholy (ft. Kim Petras),Sam Smith,Gloria,2:36,https://www.youtube.com/watch?v=Uq9gPeIzabY,Uq9gPeIzabY,2022
334,Too Good at Goodbyes,Sam Smith,The Thrill of It All,3:33,https://www.youtube.com/watch?v=J_ub7Etch2U,J_ub7Etch2U,2017
335,Stay with Me,Sam Smith,In the Lonely Hour,2:52,https://www.youtube.com/watch?v=pB-5XG-DbAA,pB-5XG-DbAA,2014
336,I'm Not the Only One,Sam Smith,In the Lonely Hour,3:59,https://www.youtube.com/watch?v=nCkpzqqog4k,nCkpzqqog4k,2014
337,Lay Me Down,Sam Smith,In the Lonely Hour,4:03,https://www.youtube.com/watch?v=l6GxN8sJOlY,l6GxN8sJOlY,2015
338,Dancing with a Stranger (with Normani),Sam Smith,Love Goes,2:51,https://www.youtube.com/watch?v=BZ7mJg4EuvQ,BZ7mJg4EuvQ,2019
339,How Do You Sleep?,Sam Smith,Love Goes,3:22,https://www.youtube.com/watch?v=wvH4sXkZWgk,wvH4sXkZWgk,2019
340,Wrecking Ball,Miley Cyrus,Bangerz,3:41,https://www.youtube.com/watch?v=My2FRPA3Gf8,My2FRPA3Gf8,2013
341,Party in the U.S.A.,Miley Cyrus,The Time of Our Lives,3:22,https://www.youtube.com/watch?v=M11SvDtPBhA,M11SvDtPBhA,2009
342,Flowers,Miley Cyrus,Endless Summer Vacation,3:20,https://www.youtube.com/watch?v=G7KNmW9a75Y,G7KNmW9a75Y,2023
343,The Climb,Miley Cyrus,Hannah Montana: The Movie,3:56,https://www.youtube.com/watch?v=NG2zyeVRcbs,NG2zyeVRcbs,2009
344,Malibu,Miley Cyrus,Younger Now,3:51,https://www.youtube.com/watch?v=w9K0nCIzZgk,w9K0nCIzZgk,2017
345,Sorry Not Sorry,Demi Lovato,Tell Me You Love Me,3:23,https://www.youtube.com/watch?v=-MsvER1dpjM,-MsvER1dpjM,2017
346,Confident,Demi Lovato,Confident,3:25,https://www.youtube.com/watch?v=cwLRQn61oUY,cwLRQn61oUY,2015
347,What Makes You Beautiful,One Direction,Up All Night,3:18,https://www.youtube.com/watch?v=QJO3ROT-A4E,QJO3ROT-A4E,2011
348,Story of My Life,One Direction,Midnight Memories,4:05,https://www.youtube.com/watch?v=W-TE_Ys4iwM,W-TE_Ys4iwM,2013
349,Perfect,One Direction,Made in the A.M.,3:50,https://www.youtube.com/watch?v=Ho32OH6i4F0,Ho32OH6i4F0,2015
350,Steal My Girl,One Direction,Four,3:48,https://www.youtube.com/watch?v=UpsKGvPjKdU,UpsKGvPjKdU,2014
351,Best Song Ever,One Direction,Best Song Ever,3:20,https://www.youtube.com/watch?v=o_v9MY_FMcI,o_v9MY_FMcI,2013
352,Somebody That I Used to Know,Gotye ft. Kimbra,Making Mirrors,4:05,https://www.youtube.com/watch?v=8UVNT4wvIGY,8UVNT4wvIGY,2011
353,Call Me Maybe,Carly Rae Jepsen,Kiss,3:13,https://www.youtube.com/watch?v=fWNaR-rxAic,fWNaR-rxAic,2011
354,Party Rock Anthem (ft. Lauren Bennett),LMFAO,Sorry for Party Rocking,4:22,https://www.youtube.com/watch?v=KQ6zr6kCPj8,KQ6zr6kCPj8,2011
355,Symphony (ft. Zara Larsson),Clean Bandit,What Is Love?,3:32,https://www.youtube.com/watch?v=aatr_2MstrI,aatr_2MstrI,2017
356,Swalla (ft. Nicki Minaj & Ty Dolla Sign),Jason Derulo,Geometry,3:36,https://www.youtube.com/watch?v=NGLxo4vohFw,NGLxo4vohFw,2017
357,Talk Dirty (ft. 2 Chainz),Jason Derulo,Tattoos,2:57,https://www.youtube.com/watch?v=R2LpbmNk2Pw,R2LpbmNk2Pw,2013
358,Wiggle (ft. Snoop Dogg),Jason Derulo,Talk Dirty,3:13,https://www.youtube.com/watch?v=wVC1lcBfajk,wVC1lcBfajk,2014
359,Whatcha Say,Jason Derulo,Jason Derulo,3:41,https://www.youtube.com/watch?v=pBI3lc18k8Q,pBI3lc18k8Q,2009
360,Shake It Out,Florence and the Machine,Ceremonials,4:37,https://www.youtube.com/watch?v=WbN0n9jz9No,WbN0n9jz9No,2011
361,Dog Days Are Over,Florence and the Machine,Lungs,4:12,https://www.youtube.com/watch?v=iWOyfLBYtuU,iWOyfLBYtuU,2009
362,Pompeii,Bastille,Bad Blood,3:34,https://www.youtube.com/watch?v=F90Cw4l-8NY,F90Cw4l-8NY,2013
363,Shut Up and Dance,WALK THE MOON,Talking Is Hard,3:19,https://www.youtube.com/watch?v=5yXiwmWz4Ec,5yXiwmWz4Ec,2014
364,Can't Stop the Feeling,Justin Timberlake,Trolls,3:56,https://www.youtube.com/watch?v=ru0K8uYEZWw,ru0K8uYEZWw,2016
365,SexyBack (ft. Timbaland),Justin Timberlake,FutureSex/LoveSounds,4:02,https://www.youtube.com/watch?v=3gOHvDP_vCs,3gOHvDP_vCs,2006
366,Mirrors,Justin Timberlake,The 20/20 Experience,8:05,https://www.youtube.com/watch?v=uuZE_IRwLNI,uuZE_IRwLNI,2013
367,Good 4 U,Olivia Rodrigo,SOUR,2:58,https://www.youtube.com/watch?v=gNi_6U5Pm_o,gNi_6U5Pm_o,2021
368,drivers license,Olivia Rodrigo,SOUR,4:02,https://www.youtube.com/watch?v=ZmDBbnmKpqQ,ZmDBbnmKpqQ,2021
369,deja vu,Olivia Rodrigo,SOUR,3:35,https://www.youtube.com/watch?v=cii6ruuycQA,cii6ruuycQA,2021
370,brutal,Olivia Rodrigo,SOUR,2:23,https://www.youtube.com/watch?v=bj6TBD6sY5M,bj6TBD6sY5M,2021
371,vampire,Olivia Rodrigo,GUTS,3:39,https://www.youtube.com/watch?v=RlPNh_PBZb4,RlPNh_PBZb4,2023
372,Bad Liar,Imagine Dragons,Origins,4:20,https://www.youtube.com/watch?v=I-QCz6nJe9Q,I-QCz6nJe9Q,2018
373,Natural,Imagine Dragons,Origins,3:09,https://www.youtube.com/watch?v=0I647GU3Jsc,0I647GU3Jsc,2018
374,Kill Bill,SZA,SOS,2:33,https://www.youtube.com/watch?v=KKfkS3uvUjY,KKfkS3uvUjY,2022
375,Snooze,SZA,SOS,3:21,https://www.youtube.com/watch?v=yYwIHGDRJng,yYwIHGDRJng,2022
376,Night Changes,One Direction,Four,3:46,https://www.youtube.com/watch?v=syFZfO_wfMQ,syFZfO_wfMQ,2014
377,Just Give Me a Reason,Pink ft. Nate Ruess,The Truth About Love,4:02,https://www.youtube.com/watch?v=OpQFFLBMEPI,OpQFFLBMEPI,2012
378,Try,Pink,The Truth About Love,4:07,https://www.youtube.com/watch?v=yTCDVfMz15M,yTCDVfMz15M,2012
379,Perfect Strangers (ft. Jasmine Thompson),Jonas Blue,Blue,3:16,https://www.youtube.com/watch?v=zS3MqBqZfAo,zS3MqBqZfAo,2016
380,Mama (ft. William Singe),Jonas Blue,Blue,3:04,https://www.youtube.com/watch?v=BMbjW7zQ7vs,BMbjW7zQ7vs,2017
381,Rise (ft. Jack & Jack),Jonas Blue,Blue,3:14,https://www.youtube.com/watch?v=xLhBQR-ldUg,xLhBQR-ldUg,2018
382,Mercy,Shawn Mendes,Handwritten,3:28,https://www.youtube.com/watch?v=KkGVmRm68M0,KkGVmRm68M0,2016
383,How Long,Charlie Puth,Voicenotes,3:20,https://www.youtube.com/watch?v=n9Jk9wWZWQY,n9Jk9wWZWQY,2017
384,Rude,MAGIC!,Don't Kill the Magic,3:44,https://www.youtube.com/watch?v=PIh07c_P4hc,PIh07c_P4hc,2014
385,Cheerleader (Felix Jaehn Remix),OMI,Me 4 U,3:00,https://www.youtube.com/watch?v=jGflUbPrfrs,jGflUbPrfrs,2015
386,Chasing Cars,Snow Patrol,Eyes Open,4:27,https://www.youtube.com/watch?v=GemKqzILV4w,GemKqzILV4w,2006
387,Use Somebody,Kings of Leon,Only by the Night,3:50,https://www.youtube.com/watch?v=gnhXHvRoUd0,gnhXHvRoUd0,2008
388,Royals,Lorde,Pure Heroine,3:10,https://www.youtube.com/watch?v=nlcIKh6sBtc,nlcIKh6sBtc,2013
389,Team,Lorde,Pure Heroine,3:13,https://www.youtube.com/watch?v=f2JuxM-snGc,f2JuxM-snGc,2013
390,I Like Me Better,Lauv,I Met You When I Was 18,3:17,https://www.youtube.com/watch?v=BrD5V0pcb-M,BrD5V0pcb-M,2017
391,Meant to Be (ft. Florida Georgia Line),Bebe Rexha,Expectations,2:43,https://www.youtube.com/watch?v=zDoHq3dLXPw,zDoHq3dLXPw,2017
392,Little Talks,Of Monsters and Men,My Head Is an Animal,4:26,https://www.youtube.com/watch?v=ghb6eDopW8I,ghb6eDopW8I,2011
393,Riptide,Vance Joy,Dream Your Life Away,3:24,https://www.youtube.com/watch?v=uJ_1HMAGb4k,uJ_1HMAGb4k,2013
394,A Thousand Years,Christina Perri,Lovestrong,4:45,https://www.youtube.com/watch?v=rtOvBOTyX00,rtOvBOTyX00,2011
395,Say You Won't Let Go,James Arthur,Back from the Edge,3:31,https://www.youtube.com/watch?v=oPK0K1Y1iSs,oPK0K1Y1iSs,2016
396,Impossible,James Arthur,James Arthur,3:29,https://www.youtube.com/watch?v=M048G3wJ9DQ,M048G3wJ9DQ,2012
397,Fight Song,Rachel Platten,Wildfire,3:24,https://www.youtube.com/watch?v=xo1VInw-SKc,xo1VInw-SKc,2015
398,Shots (Broiler Remix),Imagine Dragons,Night Visions,3:35,https://www.youtube.com/watch?v=V4L4sS1SqcQ,V4L4sS1SqcQ,2015
399,I Want It That Way,Backstreet Boys,Millennium,3:33,https://www.youtube.com/watch?v=4fndeDfaWCg,4fndeDfaWCg,1999
400,Shape of My Heart,Backstreet Boys,Black & Blue,3:50,https://www.youtube.com/watch?v=C7s9bcNwmqg,C7s9bcNwmqg,2000
401,Bye Bye Bye,*NSYNC,No Strings Attached,3:20,https://www.youtube.com/watch?v=Eo-KmOd3i7s,Eo-KmOd3i7s,2000
402,It's Gonna Be Me,*NSYNC,No Strings Attached,3:12,https://www.youtube.com/watch?v=fxVVgP6S5TY,fxVVgP6S5TY,2000
403,As Long as You Love Me,Backstreet Boys,Backstreet Boys,3:34,https://www.youtube.com/watch?v=0Gl2QnHNpkA,0Gl2QnHNpkA,1997
404,Everybody (Backstreet's Back),Backstreet Boys,Backstreet's Back,4:45,https://www.youtube.com/watch?v=6M6samPEMpM,6M6samPEMpM,1997
405,Sexy and I Know It,LMFAO,Sexy and I Know It,3:19,https://www.youtube.com/watch?v=wyx6JDQCxEc,wyx6JDQCxEc,2011
406,Gentleman,PSY,Psy 6 (Six Rules),3:14,https://www.youtube.com/watch?v=ASO_zypdnsQ,ASO_zypdnsQ,2013
407,Price Tag (ft. B.o.B),Jessie J,Who You Are,3:43,https://www.youtube.com/watch?v=qMxX-QOV9tI,qMxX-QOV9tI,2011
408,Domino,Jessie J,Who You Are,3:51,https://www.youtube.com/watch?v=U0WtT7aXvE4,U0WtT7aXvE4,2011
409,Bang Bang (ft. Ariana Grande & Nicki Minaj),Jessie J,Sweet Talker,3:19,https://www.youtube.com/watch?v=0HD997TRRgE,0HD997TRRgE,2014
410,Bad Blood,Florence and the Machine,Ceremonials,4:55,https://www.youtube.com/watch?v=Z4b4Ynmn2pA,Z4b4Ynmn2pA,2011
411,Focus,Ariana Grande,Dangerous Woman,3:31,https://www.youtube.com/watch?v=lfwFcD0rPcg,lfwFcD0rPcg,2015
412,Dangerous Woman,Ariana Grande,Dangerous Woman,3:55,https://www.youtube.com/watch?v=9WbCfHptLDs,9WbCfHptLDs,2016
413,One Last Time,Ariana Grande,My Everything,3:17,https://www.youtube.com/watch?v=Wg92RrNhB8s,Wg92RrNhB8s,2015
414,We Are Never Ever Getting Back Together,Taylor Swift,Red,3:12,https://www.youtube.com/watch?v=WA4iX5D9Z64,WA4iX5D9Z64,2012
415,I Knew You Were Trouble,Taylor Swift,Red,3:39,https://www.youtube.com/watch?v=vNoKguSdi4Q,vNoKguSdi4Q,2012
416,You Need to Calm Down,Taylor Swift,Lover,2:51,https://www.youtube.com/watch?v=Dkk9gvTmCXY,Dkk9gvTmCXY,2019
417,ME! (ft. Brendon Urie),Taylor Swift,Lover,3:13,https://www.youtube.com/watch?v=FuXNumBwDOM,FuXNumBwDOM,2019
418,Paper Hearts,Tori Kelly,Unbreakable Smile,3:19,https://www.youtube.com/watch?v=y8S5eAYh4dE,y8S5eAYh4dE,2015
419,Breathing,Tori Kelly,Unbreakable Smile,3:24,https://www.youtube.com/watch?v=VBzFQ5uPjVo,VBzFQ5uPjVo,2015
420,Sweater Weather,The Neighbourhood,I Love You.,4:00,https://www.youtube.com/watch?v=GCdwKhTtNNw,GCdwKhTtNNw,2013
421,Daddy Issues,The Neighbourhood,I Love You.,4:20,https://www.youtube.com/watch?v=D3G6T-XfzAc,D3G6T-XfzAc,2014
422,Death of a Bachelor,Panic! at the Disco,Death of a Bachelor,3:23,https://www.youtube.com/watch?v=R03cqGg40GU,R03cqGg40GU,2015
423,I Write Sins Not Tragedies,Panic! at the Disco,A Fever You Can't Sweat Out,3:06,https://www.youtube.com/watch?v=vc6vs-l5dkc,vc6vs-l5dkc,2006
424,Centuries,Fall Out Boy,American Beauty / American Psycho,3:48,https://www.youtube.com/watch?v=LkIWmsP3c_s,LkIWmsP3c_s,2014
425,Sugar We're Goin Down,Fall Out Boy,From Under the Cork Tree,3:49,https://www.youtube.com/watch?v=uhG-vLZrb-g,uhG-vLZrb-g,2005
426,This Is Me Trying,Taylor Swift,Folklore,3:15,https://www.youtube.com/watch?v=0LSy3HHN7Zc,0LSy3HHN7Zc,2020
427,august,Taylor Swift,Folklore,4:21,https://www.youtube.com/watch?v=nn_0zPAfyoA,nn_0zPAfyoA,2020
428,Fortnight (ft. Post Malone),Taylor Swift,The Tortured Poets Department,3:48,https://www.youtube.com/watch?v=q3zqJs7JUCQ,q3zqJs7JUCQ,2024
429,Espresso,Sabrina Carpenter,Short n' Sweet,2:55,https://www.youtube.com/watch?v=eVli-tstM5E,eVli-tstM5E,2024
430,Please Please Please,Sabrina Carpenter,Short n' Sweet,3:06,https://www.youtube.com/watch?v=cF1Na4AIecM,cF1Na4AIecM,2024
431,Birds of a Feather,Billie Eilish,Hit Me Hard and Soft,3:30,https://www.youtube.com/watch?v=1eJZoBLWGps,1eJZoBLWGps,2024
432,LUNCH,Billie Eilish,Hit Me Hard and Soft,2:59,https://www.youtube.com/watch?v=OSFD7E3FLlE,OSFD7E3FLlE,2024
433,We Can't Be Friends,Ariana Grande,eternal sunshine,3:48,https://www.youtube.com/watch?v=KNtJGQkq0fU,KNtJGQkq0fU,2024
434,Die with a Smile,Lady Gaga & Bruno Mars,Single,4:11,https://www.youtube.com/watch?v=kPa7bsKwL-c,kPa7bsKwL-c,2024
435,Apt.,ROSÉ & Bruno Mars,Single,2:49,https://www.youtube.com/watch?v=ekr2nIex040,ekr2nIex040,2024
436,Too Sweet,Hozier,Unreal Unearth,4:11,https://www.youtube.com/watch?v=y6hTkP-IcvQ,y6hTkP-IcvQ,2024
437,Beautiful Things,Benson Boone,Fireworks & Rollerblades,3:00,https://www.youtube.com/watch?v=oUNgJWrNXGk,oUNgJWrNXGk,2024
438,Stick Season,Noah Kahan,Stick Season,3:02,https://www.youtube.com/watch?v=U-Z3nD7Xv7s,U-Z3nD7Xv7s,2022
439,Greedy,Tate McRae,Think Later,2:11,https://www.youtube.com/watch?v=6Vmujz5VJp0,6Vmujz5VJp0,2023
440,Water,Tyla,Tyla,3:20,https://www.youtube.com/watch?v=XcKRA4s7SkU,XcKRA4s7SkU,2023
441,Lose Control,Teddy Swims,I've Tried Everything But Therapy,3:30,https://www.youtube.com/watch?v=uAOrGbxK_4g,uAOrGbxK_4g,2023
442,Houdini,Dua Lipa,Radical Optimism,3:05,https://www.youtube.com/watch?v=BHl3pU5b7Mc,BHl3pU5b7Mc,2023
443,Train Wreck,James Arthur,Back from the Edge,3:27,https://www.youtube.com/watch?v=9-4w_9HdDY8,9-4w_9HdDY8,2016
444,Stronger,Kelly Clarkson,Stronger,3:41,https://www.youtube.com/watch?v=Xn676-fLq7I,Xn676-fLq7I,2011
445,Since U Been Gone,Kelly Clarkson,Breakaway,3:08,https://www.youtube.com/watch?v=R7UrFYvl5TE,R7UrFYvl5TE,2004
446,Because of You,Kelly Clarkson,Breakaway,3:39,https://www.youtube.com/watch?v=Ra-Om7UMSJc,Ra-Om7UMSJc,2004
447,The Middle,Zedd Maren Morris Grey,The Middle,3:04,https://www.youtube.com/watch?v=M9CkWdFxqjE,M9CkWdFxqjE,2018
448,Stay,Zedd & Alessia Cara,Stay,3:30,https://www.youtube.com/watch?v=n1a7o44WxNo,n1a7o44WxNo,2017
449,Enemy (with JID),Imagine Dragons,Arcane,2:53,https://www.youtube.com/watch?v=D9G1VOjN_84,D9G1VOjN_84,2021
450,Happy Now,Kygo & Sandro Cavazza,Stargazing,3:31,https://www.youtube.com/watch?v=fDp6cG7UQek,fDp6cG7UQek,2018
451,It Ain't Me (with Selena Gomez),Kygo,Stargazing,3:40,https://www.youtube.com/watch?v=u9Dg-g7t2l4,u9Dg-g7t2l4,2017
452,Firestone (ft. Conrad Sewell),Kygo,Cloud Nine,4:31,https://www.youtube.com/watch?v=9Sc-ir2UwGU,9Sc-ir2UwGU,2014
453,Hey Brother,Avicii,True,4:15,https://www.youtube.com/watch?v=6Cp6mKbRTQY,6Cp6mKbRTQY,2013
454,Addicted to You,Avicii,True,2:28,https://www.youtube.com/watch?v=0LaUwXfDHVE,0LaUwXfDHVE,2014
455,Sunset Lover,Petit Biscuit,Presence,3:57,https://www.youtube.com/watch?v=kQh_iKMZxvU,kQh_iKMZxvU,2017
